{
  "source": "session_20260517_140848_sunday_05-17-26_lpr_lap7_v3.csv",
  "metrics": [
    {
      "name": "Launch / first element",
      "type": "launch",
      "start_time": 0.0,
      "end_time": 7.310999999999922,
      "duration": 7.310999999999922,
      "entry_speed_mph": 0.03661964735774256,
      "min_speed_mph": 0.013421617752599998,
      "exit_speed_mph": 48.05499908074397,
      "peak_decel_g": -0.13246,
      "coast_time_s": 0.5889999999999418,
      "throttle_pickup_time": 0.928000000000111,
      "segment_distance": 79.91754999999989,
      "reference_duration": 7.233000000000004,
      "reference_entry_speed_mph": 0.03078196409952069,
      "reference_min_speed_mph": 0.0022369362920999997,
      "reference_exit_speed_mph": 47.18511360782739,
      "reference_peak_decel_g": -0.14018,
      "reference_coast_time_s": 0.8450000000000273,
      "time_delta": 0.07799999999991769,
      "entry_speed_delta_mph": 0.005837683258221874,
      "min_speed_delta_mph": 0.011184681460499998,
      "exit_speed_delta_mph": 0.8698854729165788,
      "peak_decel_delta_g": 0.007720000000000005,
      "coast_time_delta_s": -0.2560000000000855
    },
    {
      "name": "Long left-hander",
      "type": "sweeper",
      "start_time": 7.316000000000031,
      "end_time": 11.357999999999947,
      "duration": 4.041999999999916,
      "entry_speed_mph": 53.05077943459115,
      "min_speed_mph": 46.221814603662295,
      "exit_speed_mph": 46.380877591872796,
      "peak_decel_g": -0.29358,
      "coast_time_s": 0.0,
      "throttle_pickup_time": null,
      "segment_distance": 89.87220000000002,
      "reference_duration": 4.178999999999974,
      "reference_entry_speed_mph": 52.62824841242595,
      "reference_min_speed_mph": 44.479241232116394,
      "reference_exit_speed_mph": 46.398265615605226,
      "reference_peak_decel_g": -0.27591,
      "reference_coast_time_s": 0.0,
      "time_delta": -0.1370000000000573,
      "entry_speed_delta_mph": 0.42253102216520233,
      "min_speed_delta_mph": 1.7425733715459018,
      "exit_speed_delta_mph": -0.017388023732429758,
      "peak_decel_delta_g": -0.01767000000000002,
      "coast_time_delta_s": 0.0
    },
    {
      "name": "Slalom / offsets",
      "type": "slalom",
      "start_time": 11.363000000000056,
      "end_time": 17.067999999999984,
      "duration": 5.704999999999927,
      "entry_speed_mph": 45.05016810726016,
      "min_speed_mph": 37.372494632114694,
      "exit_speed_mph": 38.64358221897546,
      "peak_decel_g": -0.33888,
      "coast_time_s": 0.0,
      "throttle_pickup_time": 16.567999999999984,
      "segment_distance": 109.98350000000005,
      "reference_duration": 5.628000000000043,
      "reference_entry_speed_mph": 46.96799765993509,
      "reference_min_speed_mph": 37.354599141777896,
      "reference_exit_speed_mph": 38.58962749459014,
      "reference_peak_decel_g": -0.19652,
      "reference_coast_time_s": 0.0,
      "time_delta": 0.0769999999998845,
      "entry_speed_delta_mph": -1.9178295526749238,
      "min_speed_delta_mph": 0.017895490336798048,
      "exit_speed_delta_mph": 0.053954724385320674,
      "peak_decel_delta_g": -0.14236000000000001,
      "coast_time_delta_s": 0.0
    },
    {
      "name": "Tight turnaround",
      "type": "hairpin",
      "start_time": 17.069999999999936,
      "end_time": 22.55099999999993,
      "duration": 5.4809999999999945,
      "entry_speed_mph": 42.15658999045818,
      "min_speed_mph": 36.09520400932559,
      "exit_speed_mph": 36.842255084652166,
      "peak_decel_g": -0.62506,
      "coast_time_s": 0.0,
      "throttle_pickup_time": 21.728000000000065,
      "segment_distance": 109.96416999999974,
      "reference_duration": 5.858000000000004,
      "reference_entry_speed_mph": 37.564500523594745,
      "reference_min_speed_mph": 33.341535433750494,
      "reference_exit_speed_mph": 33.84208735758439,
      "reference_peak_decel_g": -0.69219,
      "reference_coast_time_s": 0.0,
      "time_delta": -0.37700000000000955,
      "entry_speed_delta_mph": 4.592089466863435,
      "min_speed_delta_mph": 2.753668575575098,
      "exit_speed_delta_mph": 3.000167727067776,
      "peak_decel_delta_g": 0.06713000000000002,
      "coast_time_delta_s": 0.0
    },
    {
      "name": "Finish section",
      "type": "finish",
      "start_time": 22.552000000000135,
      "end_time": 29.351000000000113,
      "duration": 6.798999999999978,
      "entry_speed_mph": 39.04427433866273,
      "min_speed_mph": 36.21152469651479,
      "exit_speed_mph": 37.430670683973034,
      "peak_decel_g": -0.54729,
      "coast_time_s": 0.007999999999810825,
      "throttle_pickup_time": 29.16800000000012,
      "segment_distance": 129.97612999999956,
      "reference_duration": 6.413000000000011,
      "reference_entry_speed_mph": 37.1574729518905,
      "reference_min_speed_mph": 34.752773801710546,
      "reference_exit_speed_mph": 40.989494319850984,
      "reference_peak_decel_g": -0.61699,
      "reference_coast_time_s": 0.0,
      "time_delta": 0.38599999999996726,
      "entry_speed_delta_mph": 1.886801386772234,
      "min_speed_delta_mph": 1.458750894804247,
      "exit_speed_delta_mph": -3.5588236358779497,
      "peak_decel_delta_g": 0.06969999999999998,
      "coast_time_delta_s": 0.007999999999810825
    }
  ],
  "findings": [
    {
      "score": 2.7895882725571512,
      "segment": "Finish section",
      "reasons": [
        "exit speed 3.6 mph below reference",
        "0.39s slower than reference"
      ],
      "coaching": "Finish section at 00:22.552: largest opportunity is exit commitment. You lost 0.39s and exited 3.6 mph slower than reference. Open the exit earlier and stay on throttle."
    },
    {
      "score": 1.5,
      "segment": "Long left-hander",
      "reasons": [
        "peak braking only -0.29G"
      ],
      "coaching": "In the Long left-hander at 00:07.316, protect momentum. Use one decisive brake/lift, avoid over-slowing, and carry earlier maintenance throttle."
    },
    {
      "score": 1.1779999999998836,
      "segment": "Launch / first element",
      "reasons": [
        "coasted 0.59s"
      ],
      "coaching": "At Launch / first element around 00:00.000, reduce hesitation and prioritize earlier throttle commitment."
    }
  ]
}