{
  "source": "session_20260517_134723_sunday_05-17-26_lpr_lap6_v3.csv",
  "metrics": [
    {
      "name": "Launch / first element",
      "type": "launch",
      "start_time": 0.0,
      "end_time": 7.233000000000004,
      "duration": 7.233000000000004,
      "entry_speed_mph": 0.03078196409952069,
      "min_speed_mph": 0.0022369362920999997,
      "exit_speed_mph": 47.18511360782739,
      "peak_decel_g": -0.14018,
      "coast_time_s": 0.8450000000000273,
      "throttle_pickup_time": 0.9080000000000155,
      "segment_distance": 79.96965,
      "reference_duration": 7.310999999999922,
      "reference_entry_speed_mph": 0.03661964735774256,
      "reference_min_speed_mph": 0.013421617752599998,
      "reference_exit_speed_mph": 48.05499908074397,
      "reference_peak_decel_g": -0.13246,
      "reference_coast_time_s": 0.5889999999999418,
      "time_delta": -0.07799999999991769,
      "entry_speed_delta_mph": -0.005837683258221874,
      "min_speed_delta_mph": -0.011184681460499998,
      "exit_speed_delta_mph": -0.8698854729165788,
      "peak_decel_delta_g": -0.007720000000000005,
      "coast_time_delta_s": 0.2560000000000855
    },
    {
      "name": "Long left-hander",
      "type": "sweeper",
      "start_time": 7.241000000000042,
      "end_time": 11.420000000000016,
      "duration": 4.178999999999974,
      "entry_speed_mph": 52.62824841242595,
      "min_speed_mph": 44.479241232116394,
      "exit_speed_mph": 46.398265615605226,
      "peak_decel_g": -0.27591,
      "coast_time_s": 0.0,
      "throttle_pickup_time": 10.867000000000019,
      "segment_distance": 89.79564999999997,
      "reference_duration": 4.041999999999916,
      "reference_entry_speed_mph": 53.05077943459115,
      "reference_min_speed_mph": 46.221814603662295,
      "reference_exit_speed_mph": 46.380877591872796,
      "reference_peak_decel_g": -0.29358,
      "reference_coast_time_s": 0.0,
      "time_delta": 0.1370000000000573,
      "entry_speed_delta_mph": -0.42253102216520233,
      "min_speed_delta_mph": -1.7425733715459018,
      "exit_speed_delta_mph": 0.017388023732429758,
      "peak_decel_delta_g": 0.01767000000000002,
      "coast_time_delta_s": 0.0
    },
    {
      "name": "Slalom / offsets",
      "type": "slalom",
      "start_time": 11.423000000000002,
      "end_time": 17.051000000000045,
      "duration": 5.628000000000043,
      "entry_speed_mph": 46.96799765993509,
      "min_speed_mph": 37.354599141777896,
      "exit_speed_mph": 38.58962749459014,
      "peak_decel_g": -0.19652,
      "coast_time_s": 0.0,
      "throttle_pickup_time": null,
      "segment_distance": 109.89548000000002,
      "reference_duration": 5.704999999999927,
      "reference_entry_speed_mph": 45.05016810726016,
      "reference_min_speed_mph": 37.372494632114694,
      "reference_exit_speed_mph": 38.64358221897546,
      "reference_peak_decel_g": -0.33888,
      "reference_coast_time_s": 0.0,
      "time_delta": -0.0769999999998845,
      "entry_speed_delta_mph": 1.9178295526749238,
      "min_speed_delta_mph": -0.017895490336798048,
      "exit_speed_delta_mph": -0.053954724385320674,
      "peak_decel_delta_g": 0.14236000000000001,
      "coast_time_delta_s": 0.0
    },
    {
      "name": "Tight turnaround",
      "type": "hairpin",
      "start_time": 17.057000000000016,
      "end_time": 22.91500000000002,
      "duration": 5.858000000000004,
      "entry_speed_mph": 37.564500523594745,
      "min_speed_mph": 33.341535433750494,
      "exit_speed_mph": 33.84208735758439,
      "peak_decel_g": -0.69219,
      "coast_time_s": 0.0,
      "throttle_pickup_time": 22.602000000000032,
      "segment_distance": 109.98670000000004,
      "reference_duration": 5.4809999999999945,
      "reference_entry_speed_mph": 42.15658999045818,
      "reference_min_speed_mph": 36.09520400932559,
      "reference_exit_speed_mph": 36.842255084652166,
      "reference_peak_decel_g": -0.62506,
      "reference_coast_time_s": 0.0,
      "time_delta": 0.37700000000000955,
      "entry_speed_delta_mph": -4.592089466863435,
      "min_speed_delta_mph": -2.753668575575098,
      "exit_speed_delta_mph": -3.000167727067776,
      "peak_decel_delta_g": -0.06713000000000002,
      "coast_time_delta_s": 0.0
    },
    {
      "name": "Finish section",
      "type": "finish",
      "start_time": 22.91700000000003,
      "end_time": 29.33000000000004,
      "duration": 6.413000000000011,
      "entry_speed_mph": 37.1574729518905,
      "min_speed_mph": 34.752773801710546,
      "exit_speed_mph": 40.989494319850984,
      "peak_decel_g": -0.61699,
      "coast_time_s": 0.0,
      "throttle_pickup_time": 22.91700000000003,
      "segment_distance": 129.90326999999996,
      "reference_duration": 6.798999999999978,
      "reference_entry_speed_mph": 39.04427433866273,
      "reference_min_speed_mph": 36.21152469651479,
      "reference_exit_speed_mph": 37.430670683973034,
      "reference_peak_decel_g": -0.54729,
      "reference_coast_time_s": 0.007999999999810825,
      "time_delta": -0.38599999999996726,
      "entry_speed_delta_mph": -1.886801386772234,
      "min_speed_delta_mph": -1.458750894804247,
      "exit_speed_delta_mph": 3.5588236358779497,
      "peak_decel_delta_g": -0.06969999999999998,
      "coast_time_delta_s": -0.007999999999810825
    }
  ],
  "findings": [
    {
      "score": 2.5580587044737597,
      "segment": "Tight turnaround",
      "reasons": [
        "exit speed 3.0 mph below reference",
        "0.38s slower than reference"
      ],
      "coaching": "Tight turnaround at 00:17.057: largest opportunity is exit commitment. You lost 0.38s and exited 3.0 mph slower than reference. Open the exit earlier and stay on throttle."
    },
    {
      "score": 1.6900000000000546,
      "segment": "Launch / first element",
      "reasons": [
        "coasted 0.85s"
      ],
      "coaching": "At Launch / first element around 00:00.000, reduce hesitation and prioritize earlier throttle commitment."
    },
    {
      "score": 1.5,
      "segment": "Long left-hander",
      "reasons": [
        "peak braking only -0.28G"
      ],
      "coaching": "In the Long left-hander at 00:07.241, protect momentum. Use one decisive brake/lift, avoid over-slowing, and carry earlier maintenance throttle."
    }
  ]
}