{
  "source": "session_20260301_095613_030126_lpr_lap3_v3.csv",
  "metrics": [
    {
      "name": "Launch to intersection",
      "type": "launch",
      "start_time": 0.0,
      "end_time": 34.679,
      "duration": 34.679,
      "entry_speed_mph": 1.0423634140100833,
      "min_speed_mph": 0.0022369362920999997,
      "exit_speed_mph": 47.65890777041425,
      "peak_decel_g": -0.30669,
      "coast_time_s": 21.847,
      "throttle_pickup_time": 24.767000000000003,
      "segment_distance": 179.96474999999998,
      "brake_start_time": null,
      "reference_duration": 33.307,
      "reference_entry_speed_mph": 1.6491559056720089,
      "reference_min_speed_mph": 0.0022369362920999997,
      "reference_exit_speed_mph": 47.24492502344712,
      "reference_peak_decel_g": -0.28358,
      "reference_coast_time_s": 20.323,
      "reference_throttle_pickup_time": 23.455,
      "reference_brake_start_time": null,
      "throttle_pickup_delta_s": 1.3120000000000047,
      "brake_start_delta_s": null,
      "time_delta": 1.3719999999999999,
      "entry_speed_delta_mph": -0.6067924916619256,
      "min_speed_delta_mph": 0.0,
      "exit_speed_delta_mph": 0.413982746967136,
      "peak_decel_delta_g": -0.02311000000000002,
      "coast_time_delta_s": 1.524000000000001
    },
    {
      "name": "Left sweep to north runway",
      "type": "sweeper",
      "start_time": 34.681000000000004,
      "end_time": 44.423,
      "duration": 9.741999999999997,
      "entry_speed_mph": 45.525078613260526,
      "min_speed_mph": 31.135916249739896,
      "exit_speed_mph": 38.175336819471276,
      "peak_decel_g": -0.59261,
      "coast_time_s": 0.0,
      "throttle_pickup_time": 42.329,
      "segment_distance": 199.9526,
      "brake_start_time": 39.107,
      "reference_duration": 9.985,
      "reference_entry_speed_mph": 47.493336167754066,
      "reference_min_speed_mph": 31.285790981310598,
      "reference_exit_speed_mph": 37.897828725139846,
      "reference_peak_decel_g": -0.76977,
      "reference_coast_time_s": 0.0,
      "reference_throttle_pickup_time": null,
      "reference_brake_start_time": 37.791,
      "throttle_pickup_delta_s": null,
      "brake_start_delta_s": 1.3160000000000025,
      "time_delta": -0.2430000000000021,
      "entry_speed_delta_mph": -1.9682575544935403,
      "min_speed_delta_mph": -0.1498747315707014,
      "exit_speed_delta_mph": 0.27750809433143075,
      "peak_decel_delta_g": 0.17715999999999998,
      "coast_time_delta_s": 0.0
    },
    {
      "name": "North runway acceleration",
      "type": "segment",
      "start_time": 44.429,
      "end_time": 56.375,
      "duration": 11.945999999999998,
      "entry_speed_mph": 37.265430685560375,
      "min_speed_mph": 32.1179312819718,
      "exit_speed_mph": 40.18000395273982,
      "peak_decel_g": -1.06831,
      "coast_time_s": 0.0,
      "throttle_pickup_time": 47.649,
      "segment_distance": 239.85800000000006,
      "brake_start_time": 46.301,
      "reference_duration": 11.685000000000002,
      "reference_entry_speed_mph": 37.38796236527417,
      "reference_min_speed_mph": 35.274248390124896,
      "reference_exit_speed_mph": 39.99605788318831,
      "reference_peak_decel_g": -0.92119,
      "reference_coast_time_s": 0.060000000000002274,
      "reference_throttle_pickup_time": 45.614999999999995,
      "reference_brake_start_time": null,
      "throttle_pickup_delta_s": 2.034000000000006,
      "brake_start_delta_s": null,
      "time_delta": 0.2609999999999957,
      "entry_speed_delta_mph": -0.12253167971379497,
      "min_speed_delta_mph": -3.1563171081530967,
      "exit_speed_delta_mph": 0.18394606955151005,
      "peak_decel_delta_g": -0.14712000000000014,
      "coast_time_delta_s": -0.060000000000002274
    },
    {
      "name": "Cross-over transition",
      "type": "transition",
      "start_time": 56.379000000000005,
      "end_time": 65.837,
      "duration": 9.457999999999998,
      "entry_speed_mph": 46.976477907955385,
      "min_speed_mph": 33.073103078698495,
      "exit_speed_mph": 38.31076198622894,
      "peak_decel_g": -1.05548,
      "coast_time_s": 0.0,
      "throttle_pickup_time": 63.849000000000004,
      "segment_distance": 199.8854,
      "brake_start_time": 60.22800000000001,
      "reference_duration": 9.379000000000005,
      "reference_entry_speed_mph": 44.78569816648312,
      "reference_min_speed_mph": 31.965819614108995,
      "reference_exit_speed_mph": 35.20558595020121,
      "reference_peak_decel_g": -1.08149,
      "reference_coast_time_s": 0.0,
      "reference_throttle_pickup_time": null,
      "reference_brake_start_time": 58.991,
      "throttle_pickup_delta_s": null,
      "brake_start_delta_s": 1.237000000000009,
      "time_delta": 0.07899999999999352,
      "entry_speed_delta_mph": 2.1907797414722623,
      "min_speed_delta_mph": 1.1072834645895,
      "exit_speed_delta_mph": 3.1051760360277285,
      "peak_decel_delta_g": 0.02601000000000009,
      "coast_time_delta_s": 0.0
    },
    {
      "name": "Westbound section",
      "type": "segment",
      "start_time": 65.845,
      "end_time": 75.65,
      "duration": 9.805000000000007,
      "entry_speed_mph": 45.19465074060151,
      "min_speed_mph": 41.06500536948417,
      "exit_speed_mph": 47.13328930484074,
      "peak_decel_g": -0.83838,
      "coast_time_s": 0.0,
      "throttle_pickup_time": 65.845,
      "segment_distance": 219.93189999999993,
      "brake_start_time": null,
      "reference_duration": 9.781999999999996,
      "reference_entry_speed_mph": 41.52004315524666,
      "reference_min_speed_mph": 37.88005547679219,
      "reference_exit_speed_mph": 50.026119618417425,
      "reference_peak_decel_g": -0.64541,
      "reference_coast_time_s": 0.0,
      "reference_throttle_pickup_time": 64.379,
      "reference_brake_start_time": null,
      "throttle_pickup_delta_s": 1.465999999999994,
      "brake_start_delta_s": null,
      "time_delta": 0.023000000000010346,
      "entry_speed_delta_mph": 3.674607585354849,
      "min_speed_delta_mph": 3.184949892691982,
      "exit_speed_delta_mph": -2.892830313576688,
      "peak_decel_delta_g": -0.19296999999999997,
      "coast_time_delta_s": 0.0
    },
    {
      "name": "Final turnaround",
      "type": "hairpin",
      "start_time": 75.656,
      "end_time": 80.352,
      "duration": 4.695999999999998,
      "entry_speed_mph": 42.06453683860172,
      "min_speed_mph": 30.415622763683697,
      "exit_speed_mph": 45.6038759680215,
      "peak_decel_g": -0.46872,
      "coast_time_s": 0.0,
      "throttle_pickup_time": 77.769,
      "segment_distance": 79.88048000000003,
      "brake_start_time": 76.316,
      "reference_duration": 8.613,
      "reference_entry_speed_mph": 44.36201953504787,
      "reference_min_speed_mph": 2.3599677881654997,
      "reference_exit_speed_mph": 15.436902886414545,
      "reference_peak_decel_g": -0.65958,
      "reference_coast_time_s": 0.4380000000000024,
      "reference_throttle_pickup_time": 80.295,
      "reference_brake_start_time": 74.162,
      "throttle_pickup_delta_s": -2.5259999999999962,
      "brake_start_delta_s": 2.1539999999999964,
      "time_delta": -3.9170000000000016,
      "entry_speed_delta_mph": -2.2974826964461528,
      "min_speed_delta_mph": 28.0556549755182,
      "exit_speed_delta_mph": 30.166973081606955,
      "peak_decel_delta_g": 0.19086000000000003,
      "coast_time_delta_s": -0.4380000000000024
    },
    {
      "name": "Finish acceleration",
      "type": "finish",
      "start_time": 80.35600000000001,
      "end_time": 86.501,
      "duration": 6.144999999999996,
      "entry_speed_mph": 48.83748528883757,
      "min_speed_mph": 15.573550465600198,
      "exit_speed_mph": 29.239271632630317,
      "peak_decel_g": -1.0412,
      "coast_time_s": 0.0,
      "throttle_pickup_time": 82.929,
      "segment_distance": 75.90891999999985,
      "brake_start_time": 80.72200000000001,
      "reference_duration": 7.905000000000001,