{
  "source": "session_20260517_132455_sunday_05-17-26_lpr_lap5_v3.csv",
  "metrics": [
    {
      "name": "Launch / first element",
      "type": "launch",
      "start_time": 0.0,
      "end_time": 7.506,
      "duration": 7.506,
      "entry_speed_mph": 0.025524050013560406,
      "min_speed_mph": 0.004473872584199999,
      "exit_speed_mph": 46.69797666606483,
      "peak_decel_g": -0.1192,
      "coast_time_s": 0.9750000000000227,
      "throttle_pickup_time": 1.0390000000000157,
      "segment_distance": 79.92290000000001,
      "reference_duration": 7.233000000000004,
      "reference_entry_speed_mph": 0.03078196409952069,
      "reference_min_speed_mph": 0.0022369362920999997,
      "reference_exit_speed_mph": 47.18511360782739,
      "reference_peak_decel_g": -0.14018,
      "reference_coast_time_s": 0.8450000000000273,
      "time_delta": 0.27299999999999613,
      "entry_speed_delta_mph": -0.005257914085960283,
      "min_speed_delta_mph": 0.0022369362920999997,
      "exit_speed_delta_mph": -0.4871369417625573,
      "peak_decel_delta_g": 0.02098,
      "coast_time_delta_s": 0.12999999999999545
    },
    {
      "name": "Long left-hander",
      "type": "sweeper",
      "start_time": 7.510000000000019,
      "end_time": 11.824000000000012,
      "duration": 4.313999999999993,
      "entry_speed_mph": 50.64748574721177,
      "min_speed_mph": 43.0565497503408,
      "exit_speed_mph": 46.27359436023462,
      "peak_decel_g": -0.16306,
      "coast_time_s": 0.0,
      "throttle_pickup_time": 10.555000000000007,
      "segment_distance": 89.98094999999999,
      "reference_duration": 4.178999999999974,
      "reference_entry_speed_mph": 52.62824841242595,
      "reference_min_speed_mph": 44.479241232116394,
      "reference_exit_speed_mph": 46.398265615605226,
      "reference_peak_decel_g": -0.27591,
      "reference_coast_time_s": 0.0,
      "time_delta": 0.13500000000001933,
      "entry_speed_delta_mph": -1.9807626652141792,
      "min_speed_delta_mph": -1.422691481775594,
      "exit_speed_delta_mph": -0.12467125537060753,
      "peak_decel_delta_g": 0.11284999999999998,
      "coast_time_delta_s": 0.0
    },
    {
      "name": "Slalom / offsets",
      "type": "slalom",
      "start_time": 11.825000000000017,
      "end_time": 17.375,
      "duration": 5.549999999999983,
      "entry_speed_mph": 46.06064131023803,
      "min_speed_mph": 38.3813528998518,
      "exit_speed_mph": 38.72170347442838,
      "peak_decel_g": -0.28535,
      "coast_time_s": 0.0,
      "throttle_pickup_time": 17.078000000000003,
      "segment_distance": 109.916,
      "reference_duration": 5.628000000000043,
      "reference_entry_speed_mph": 46.96799765993509,
      "reference_min_speed_mph": 37.354599141777896,
      "reference_exit_speed_mph": 38.58962749459014,
      "reference_peak_decel_g": -0.19652,
      "reference_coast_time_s": 0.0,
      "time_delta": -0.0780000000000598,
      "entry_speed_delta_mph": -0.9073563496970536,
      "min_speed_delta_mph": 1.0267537580739017,
      "exit_speed_delta_mph": 0.13207597983824115,
      "peak_decel_delta_g": -0.08882999999999999,
      "coast_time_delta_s": 0.0
    },
    {
      "name": "Tight turnaround",
      "type": "hairpin",
      "start_time": 17.381,
      "end_time": 23.05200000000002,
      "duration": 5.671000000000021,
      "entry_speed_mph": 39.89350610485309,
      "min_speed_mph": 34.944076593410934,
      "exit_speed_mph": 35.47336845861649,
      "peak_decel_g": -0.66663,
      "coast_time_s": 0.0,
      "throttle_pickup_time": null,
      "segment_distance": 109.96133000000003,
      "reference_duration": 5.858000000000004,
      "reference_entry_speed_mph": 37.564500523594745,
      "reference_min_speed_mph": 33.341535433750494,
      "reference_exit_speed_mph": 33.84208735758439,
      "reference_peak_decel_g": -0.69219,
      "reference_coast_time_s": 0.0,
      "time_delta": -0.1869999999999834,
      "entry_speed_delta_mph": 2.3290055812583432,
      "min_speed_delta_mph": 1.60254115966044,
      "exit_speed_delta_mph": 1.6312811010321013,
      "peak_decel_delta_g": 0.025560000000000027,
      "coast_time_delta_s": 0.0
    },
    {
      "name": "Finish section",
      "type": "finish",
      "start_time": 23.052999999999997,
      "end_time": 29.653999999999996,
      "duration": 6.600999999999999,
      "entry_speed_mph": 34.952662650835755,
      "min_speed_mph": 34.53158554114769,
      "exit_speed_mph": 39.488798716306405,
      "peak_decel_g": -0.36583,
      "coast_time_s": 0.0,
      "throttle_pickup_time": 23.318000000000012,
      "segment_distance": 129.98357,
      "reference_duration": 6.413000000000011,
      "reference_entry_speed_mph": 37.1574729518905,
      "reference_min_speed_mph": 34.752773801710546,
      "reference_exit_speed_mph": 40.989494319850984,
      "reference_peak_decel_g": -0.61699,
      "reference_coast_time_s": 0.0,
      "time_delta": 0.18799999999998818,
      "entry_speed_delta_mph": -2.204810301054742,
      "min_speed_delta_mph": -0.22118826056285457,
      "exit_speed_delta_mph": -1.5006956035445782,
      "peak_decel_delta_g": 0.25116000000000005,
      "coast_time_delta_s": 0.0
    }
  ],
  "findings": [
    {
      "score": 3.04200000000003,
      "segment": "Launch / first element",
      "reasons": [
        "coasted 0.98s",
        "0.27s slower than reference"
      ],
      "coaching": "Launch / first element at 00:00.000: this was 0.27s slower than reference. Look for earlier throttle or less hesitation."
    },
    {
      "score": 1.5,
      "segment": "Long left-hander",
      "reasons": [
        "peak braking only -0.16G"
      ],
      "coaching": "In the Long left-hander at 00:07.510, protect momentum. Use one decisive brake/lift, avoid over-slowing, and carry earlier maintenance throttle."
    },
    {
      "score": 0.7519999999999527,
      "segment": "Finish section",
      "reasons": [
        "0.19s slower than reference"
      ],
      "coaching": "Finish section at 00:23.053: this was 0.19s slower than reference. Look for earlier throttle or less hesitation."
    }
  ]
}