{
  "source": "session_20260517_092155_sunday_05-17-26_lpr_lap1_v3.csv",
  "metrics": [
    {
      "name": "Launch / first element",
      "type": "launch",
      "start_time": 0.0,
      "end_time": 7.605000000000018,
      "duration": 7.605000000000018,
      "entry_speed_mph": 0.03438454956121672,
      "min_speed_mph": 0.006710808876299999,
      "exit_speed_mph": 45.5749598496258,
      "peak_decel_g": -0.13893,
      "coast_time_s": 0.8540000000000418,
      "throttle_pickup_time": 0.9259999999999309,
      "segment_distance": 79.91448000000001,
      "reference_duration": 7.310999999999922,
      "reference_entry_speed_mph": 0.03661964735774256,
      "reference_min_speed_mph": 0.013421617752599998,
      "reference_exit_speed_mph": 48.05499908074397,
      "reference_peak_decel_g": -0.13246,
      "reference_coast_time_s": 0.5889999999999418,
      "time_delta": 0.2940000000000964,
      "entry_speed_delta_mph": -0.0022350977965258437,
      "min_speed_delta_mph": -0.006710808876299999,
      "exit_speed_delta_mph": -2.4800392311181696,
      "peak_decel_delta_g": -0.0064700000000000035,
      "coast_time_delta_s": 0.26500000000010004
    },
    {
      "name": "Long left-hander",
      "type": "sweeper",
      "start_time": 7.613000000000056,
      "end_time": 11.894000000000005,
      "duration": 4.280999999999949,
      "entry_speed_mph": 49.93652651166741,
      "min_speed_mph": 44.17054402380659,
      "exit_speed_mph": 48.37412759583215,
      "peak_decel_g": -0.1597,
      "coast_time_s": 0.0,
      "throttle_pickup_time": 10.842999999999847,
      "segment_distance": 89.74547000000003,
      "reference_duration": 4.041999999999916,
      "reference_entry_speed_mph": 53.05077943459115,
      "reference_min_speed_mph": 46.221814603662295,
      "reference_exit_speed_mph": 46.380877591872796,
      "reference_peak_decel_g": -0.29358,
      "reference_coast_time_s": 0.0,
      "time_delta": 0.23900000000003274,
      "entry_speed_delta_mph": -3.1142529229237397,
      "min_speed_delta_mph": -2.0512705798557036,
      "exit_speed_delta_mph": 1.9932500039593535,
      "peak_decel_delta_g": 0.13388,
      "coast_time_delta_s": 0.0
    },
    {
      "name": "Slalom / offsets",
      "type": "slalom",
      "start_time": 11.902000000000044,
      "end_time": 17.577999999999975,
      "duration": 5.675999999999931,
      "entry_speed_mph": 46.87712088679432,
      "min_speed_mph": 36.551539012914,
      "exit_speed_mph": 37.619650420169876,
      "peak_decel_g": -0.37647,
      "coast_time_s": 0.0,
      "throttle_pickup_time": null,
      "segment_distance": 109.98070000000001,
      "reference_duration": 5.704999999999927,
      "reference_entry_speed_mph": 45.05016810726016,
      "reference_min_speed_mph": 37.372494632114694,
      "reference_exit_speed_mph": 38.64358221897546,
      "reference_peak_decel_g": -0.33888,
      "reference_coast_time_s": 0.0,
      "time_delta": -0.028999999999996362,
      "entry_speed_delta_mph": 1.8269527795341602,
      "min_speed_delta_mph": -0.8209556192006957,
      "exit_speed_delta_mph": -1.0239317988055845,
      "peak_decel_delta_g": -0.03759000000000001,
      "coast_time_delta_s": 0.0
    },
    {
      "name": "Tight turnaround",
      "type": "hairpin",
      "start_time": 17.582999999999856,
      "end_time": 23.32399999999984,
      "duration": 5.7409999999999854,
      "entry_speed_mph": 36.961348024214765,
      "min_speed_mph": 34.4778990701373,
      "exit_speed_mph": 35.21111048284904,
      "peak_decel_g": -0.34993,
      "coast_time_s": 0.0,
      "throttle_pickup_time": null,
      "segment_distance": 109.80951999999996,
      "reference_duration": 5.4809999999999945,
      "reference_entry_speed_mph": 42.15658999045818,
      "reference_min_speed_mph": 36.09520400932559,
      "reference_exit_speed_mph": 36.842255084652166,
      "reference_peak_decel_g": -0.62506,
      "reference_coast_time_s": 0.0,
      "time_delta": 0.2599999999999909,
      "entry_speed_delta_mph": -5.195241966243415,
      "min_speed_delta_mph": -1.617304939188294,
      "exit_speed_delta_mph": -1.631144601803129,
      "peak_decel_delta_g": 0.27512999999999993,
      "coast_time_delta_s": 0.0
    },
    {
      "name": "Finish section",
      "type": "finish",
      "start_time": 23.33199999999988,
      "end_time": 30.0,
      "duration": 6.66800000000012,
      "entry_speed_mph": 35.30068585579106,
      "min_speed_mph": 34.2855225490167,
      "exit_speed_mph": 39.24368078582932,
      "peak_decel_g": -0.46982,
      "coast_time_s": 0.0,
      "throttle_pickup_time": 23.43399999999997,
      "segment_distance": 129.96839999999997,
      "reference_duration": 6.798999999999978,
      "reference_entry_speed_mph": 39.04427433866273,
      "reference_min_speed_mph": 36.21152469651479,
      "reference_exit_speed_mph": 37.430670683973034,
      "reference_peak_decel_g": -0.54729,
      "reference_coast_time_s": 0.007999999999810825,
      "time_delta": -0.13099999999985812,
      "entry_speed_delta_mph": -3.7435884828716723,
      "min_speed_delta_mph": -1.926002147498096,
      "exit_speed_delta_mph": 1.8130101018562854,
      "peak_decel_delta_g": 0.07747000000000004,
      "coast_time_delta_s": -0.007999999999810825
    }
  ],
  "findings": [
    {
      "score": 2.8840000000004693,
      "segment": "Launch / first element",
      "reasons": [
        "coasted 0.85s",
        "0.29s slower than reference"
      ],
      "coaching": "Launch / first element at 00:00.000: largest opportunity is exit commitment. You lost 0.29s and exited 2.5 mph slower than reference. Open the exit earlier and stay on throttle."
    },
    {
      "score": 2.5399999999999636,
      "segment": "Tight turnaround",
      "reasons": [
        "peak braking only -0.35G",
        "0.26s slower than reference"
      ],
      "coaching": "Tight turnaround at 00:17.583: this was 0.26s slower than reference. Look for earlier throttle or less hesitation."
    },
    {
      "score": 2.456000000000131,
      "segment": "Long left-hander",
      "reasons": [
        "peak braking only -0.16G",
        "0.24s slower than reference"
      ],
      "coaching": "Long left-hander at 00:07.613: you over-slowed by 2.1 mph and lost 0.24s. Brake/lift more decisively, then carry more speed through the middle."
    }
  ]
}