{
  "source": "session_20251101_120901_gglc_11012025_lap4_v3.csv",
  "metrics": [
    {
      "name": "Launch",
      "type": "launch",
      "start_time": 0.0,
      "end_time": 13.475999999999999,
      "duration": 13.475999999999999,
      "entry_speed_mph": 0.03884337592433633,
      "min_speed_mph": 0.0,
      "exit_speed_mph": 45.34931396753637,
      "peak_decel_g": -0.59528,
      "coast_time_s": 1.141999999999996,
      "throttle_pickup_time": 1.426000000000002,
      "segment_distance": 199.98575,
      "brake_start_time": null,
      "reference_duration": 13.244,
      "reference_entry_speed_mph": 0.03782813028311511,
      "reference_min_speed_mph": 0.004473872584199999,
      "reference_exit_speed_mph": 45.11431195899575,
      "reference_peak_decel_g": -0.69331,
      "reference_coast_time_s": 1.3190000000000168,
      "reference_throttle_pickup_time": 1.521000000000015,
      "reference_brake_start_time": null,
      "throttle_pickup_delta_s": -0.09500000000001307,
      "brake_start_delta_s": null,
      "time_delta": 0.23199999999999932,
      "entry_speed_delta_mph": 0.00101524564122122,
      "min_speed_delta_mph": -0.004473872584199999,
      "exit_speed_delta_mph": 0.2350020085406186,
      "peak_decel_delta_g": 0.09802999999999995,
      "coast_time_delta_s": -0.17700000000002092
    },
    {
      "name": "Middle course",
      "type": "segment",
      "start_time": 13.480000000000004,
      "end_time": 24.671000000000006,
      "duration": 11.191000000000003,
      "entry_speed_mph": 45.30455345168151,
      "min_speed_mph": 19.5127952759883,
      "exit_speed_mph": 30.8302671175314,
      "peak_decel_g": -1.21188,
      "coast_time_s": 0.0,
      "throttle_pickup_time": 16.126000000000005,
      "segment_distance": 199.89195,
      "brake_start_time": 13.953000000000003,
      "reference_duration": 11.129999999999995,
      "reference_entry_speed_mph": 43.710903843558,
      "reference_min_speed_mph": 18.3764316396015,
      "reference_exit_speed_mph": 32.44147920931231,
      "reference_peak_decel_g": -1.21929,
      "reference_coast_time_s": 0.0,
      "reference_throttle_pickup_time": 15.92100000000002,
      "reference_brake_start_time": 13.609000000000009,
      "throttle_pickup_delta_s": 0.20499999999998408,
      "brake_start_delta_s": 0.3439999999999941,
      "time_delta": 0.06100000000000705,
      "entry_speed_delta_mph": 1.5936496081235063,
      "min_speed_delta_mph": 1.1363636363868004,
      "exit_speed_delta_mph": -1.6112120917809136,
      "peak_decel_delta_g": 0.007409999999999917,
      "coast_time_delta_s": 0.0
    },
    {
      "name": "Finish section",
      "type": "finish",
      "start_time": 24.674999999999997,
      "end_time": 36.08,
      "duration": 11.405000000000001,
      "entry_speed_mph": 18.736383511064155,
      "min_speed_mph": 8.9298496780632,
      "exit_speed_mph": 13.253832646462556,
      "peak_decel_g": -1.06926,
      "coast_time_s": 0.10699999999999932,
      "throttle_pickup_time": null,
      "segment_distance": 199.99245000000008,
      "brake_start_time": 24.674999999999997,
      "reference_duration": 12.510999999999996,
      "reference_entry_speed_mph": 18.893323220054974,
      "reference_min_speed_mph": 11.446403006675698,
      "reference_exit_speed_mph": 13.954066103889733,
      "reference_peak_decel_g": -1.16511,
      "reference_coast_time_s": 0.0,
      "reference_throttle_pickup_time": null,
      "reference_brake_start_time": 24.37700000000001,
      "throttle_pickup_delta_s": null,
      "brake_start_delta_s": 0.2979999999999876,
      "time_delta": -1.1059999999999945,
      "entry_speed_delta_mph": -0.15693970899081933,
      "min_speed_delta_mph": -2.516553328612499,
      "exit_speed_delta_mph": -0.7002334574271778,
      "peak_decel_delta_g": 0.09584999999999999,
      "coast_time_delta_s": 0.10699999999999932
    }
  ],
  "findings": [
    {
      "score": 3.211999999999989,
      "segment": "Launch",
      "reasons": [
        "coasted 1.14s",
        "0.23s slower than reference"
      ],
      "coaching": "Launch at 00:00.000: this was 0.23s slower than reference. Check whether the loss came from setup, exit speed, or throttle delay."
    }
  ]
}