{
  "source": "session_20260301_125607_030126_lpr_lap7_v3.csv",
  "metrics": [
    {
      "name": "Launch to intersection",
      "type": "launch",
      "start_time": 0.0,
      "end_time": 33.555,
      "duration": 33.555,
      "entry_speed_mph": 0.3268177792159379,
      "min_speed_mph": 0.0022369362920999997,
      "exit_speed_mph": 46.87707171305149,
      "peak_decel_g": -0.26618,
      "coast_time_s": 20.339000000000013,
      "throttle_pickup_time": 23.577000000000005,
      "segment_distance": 179.98701999999997,
      "brake_start_time": null,
      "reference_duration": 33.307,
      "reference_entry_speed_mph": 1.6491559056720089,
      "reference_min_speed_mph": 0.0022369362920999997,
      "reference_exit_speed_mph": 47.24492502344712,
      "reference_peak_decel_g": -0.28358,
      "reference_coast_time_s": 20.323,
      "reference_throttle_pickup_time": 23.455,
      "reference_brake_start_time": null,
      "throttle_pickup_delta_s": 0.12200000000000699,
      "brake_start_delta_s": null,
      "time_delta": 0.24799999999999756,
      "entry_speed_delta_mph": -1.322338126456071,
      "min_speed_delta_mph": 0.0,
      "exit_speed_delta_mph": -0.3678533103956241,
      "peak_decel_delta_g": 0.01739999999999997,
      "coast_time_delta_s": 0.01600000000001245
    },
    {
      "name": "Left sweep to north runway",
      "type": "sweeper",
      "start_time": 33.562000000000005,
      "end_time": 43.419000000000004,
      "duration": 9.857,
      "entry_speed_mph": 44.29132855125965,
      "min_speed_mph": 30.292591267618196,
      "exit_speed_mph": 37.1362735495954,
      "peak_decel_g": -0.55918,
      "coast_time_s": 0.0,
      "throttle_pickup_time": 40.854000000000006,
      "segment_distance": 199.86554999999998,
      "brake_start_time": 37.78000000000001,
      "reference_duration": 9.985,
      "reference_entry_speed_mph": 47.493336167754066,
      "reference_min_speed_mph": 31.285790981310598,
      "reference_exit_speed_mph": 37.897828725139846,
      "reference_peak_decel_g": -0.76977,
      "reference_coast_time_s": 0.0,
      "reference_throttle_pickup_time": null,
      "reference_brake_start_time": 37.791,
      "throttle_pickup_delta_s": null,
      "brake_start_delta_s": -0.010999999999988574,
      "time_delta": -0.1280000000000001,
      "entry_speed_delta_mph": -3.202007616494413,
      "min_speed_delta_mph": -0.9931997136924018,
      "exit_speed_delta_mph": -0.7615551755444443,
      "peak_decel_delta_g": 0.21058999999999994,
      "coast_time_delta_s": 0.0
    },
    {
      "name": "North runway acceleration",
      "type": "segment",
      "start_time": 43.421,
      "end_time": 55.232000000000006,
      "duration": 11.811000000000007,
      "entry_speed_mph": 39.389806126313516,
      "min_speed_mph": 31.999373658490498,
      "exit_speed_mph": 38.0346702318497,
      "peak_decel_g": -0.95223,
      "coast_time_s": 0.0,
      "throttle_pickup_time": 46.77400000000001,
      "segment_distance": 239.96994999999998,
      "brake_start_time": 46.19400000000001,
      "reference_duration": 11.685000000000002,
      "reference_entry_speed_mph": 37.38796236527417,
      "reference_min_speed_mph": 35.274248390124896,
      "reference_exit_speed_mph": 39.99605788318831,
      "reference_peak_decel_g": -0.92119,
      "reference_coast_time_s": 0.060000000000002274,
      "reference_throttle_pickup_time": 45.614999999999995,
      "reference_brake_start_time": null,
      "throttle_pickup_delta_s": 1.1590000000000131,
      "brake_start_delta_s": null,
      "time_delta": 0.12600000000000477,
      "entry_speed_delta_mph": 2.0018437610393462,
      "min_speed_delta_mph": -3.274874731634398,
      "exit_speed_delta_mph": -1.9613876513386046,
      "peak_decel_delta_g": -0.031040000000000068,
      "coast_time_delta_s": -0.060000000000002274
    },
    {
      "name": "Cross-over transition",
      "type": "transition",
      "start_time": 55.233,
      "end_time": 64.73400000000001,
      "duration": 9.501000000000012,
      "entry_speed_mph": 43.32500489681917,
      "min_speed_mph": 32.5943987121891,
      "exit_speed_mph": 35.68335428247667,
      "peak_decel_g": -1.04626,
      "coast_time_s": 0.0,
      "throttle_pickup_time": 62.77400000000001,
      "segment_distance": 199.94245,
      "brake_start_time": 59.291000000000004,
      "reference_duration": 9.379000000000005,
      "reference_entry_speed_mph": 44.78569816648312,
      "reference_min_speed_mph": 31.965819614108995,
      "reference_exit_speed_mph": 35.20558595020121,
      "reference_peak_decel_g": -1.08149,
      "reference_coast_time_s": 0.0,
      "reference_throttle_pickup_time": null,
      "reference_brake_start_time": 58.991,
      "throttle_pickup_delta_s": null,
      "brake_start_delta_s": 0.30000000000000426,
      "time_delta": 0.12200000000000699,
      "entry_speed_delta_mph": -1.460693269663949,
      "min_speed_delta_mph": 0.6285790980801025,
      "exit_speed_delta_mph": 0.4777683322754598,
      "peak_decel_delta_g": 0.035230000000000095,
      "coast_time_delta_s": 0.0
    },
    {
      "name": "Westbound section",
      "type": "segment",
      "start_time": 64.739,
      "end_time": 74.66499999999999,
      "duration": 9.925999999999988,
      "entry_speed_mph": 42.310329911791946,
      "min_speed_mph": 38.45711793206522,
      "exit_speed_mph": 53.56246706660705,
      "peak_decel_g": -0.67835,
      "coast_time_s": 0.0,
      "throttle_pickup_time": 64.739,
      "segment_distance": 219.92282,
      "brake_start_time": null,
      "reference_duration": 9.781999999999996,
      "reference_entry_speed_mph": 41.52004315524666,
      "reference_min_speed_mph": 37.88005547679219,
      "reference_exit_speed_mph": 50.026119618417425,
      "reference_peak_decel_g": -0.64541,
      "reference_coast_time_s": 0.0,
      "reference_throttle_pickup_time": 64.379,
      "reference_brake_start_time": null,
      "throttle_pickup_delta_s": 0.35999999999999943,
      "brake_start_delta_s": null,
      "time_delta": 0.14399999999999125,
      "entry_speed_delta_mph": 0.7902867565452851,
      "min_speed_delta_mph": 0.5770624552730368,
      "exit_speed_delta_mph": 3.5363474481896233,
      "peak_decel_delta_g": -0.03293999999999997,
      "coast_time_delta_s": 0.0
    },
    {
      "name": "Final turnaround",
      "type": "hairpin",
      "start_time": 74.667,
      "end_time": 79.56200000000001,
      "duration": 4.89500000000001,
      "entry_speed_mph": 44.77730733165675,
      "min_speed_mph": 29.867573372119196,
      "exit_speed_mph": 40.9562118348354,
      "peak_decel_g": -0.66968,
      "coast_time_s": 0.0,
      "throttle_pickup_time": 77.85400000000001,
      "segment_distance": 79.96741999999995,
      "brake_start_time": 74.667,
      "reference_duration": 8.613,
      "reference_entry_speed_mph": 44.36201953504787,
      "reference_min_speed_mph": 2.3599677881654997,
      "reference_exit_speed_mph": 15.436902886414545,
      "reference_peak_decel_g": -0.65958,
      "reference_coast_time_s": 0.4380000000000024,
      "reference_throttle_pickup_time": 80.295,
      "reference_brake_start_time": 74.162,
      "throttle_pickup_delta_s": -2.4409999999999883,
      "brake_start_delta_s": 0.5049999999999955,
      "time_delta": -3.7179999999999893,
      "entry_speed_delta_mph": 0.4152877966088795,
      "min_speed_delta_mph": 27.507605583953698,
      "exit_speed_delta_mph": 25.519308948420857,
      "peak_decel_delta_g": -0.010099999999999998,
      "coast_time_delta_s": -0.4380000000000024
    },
    {
      "name": "Finish acceleration",
      "type": "finish",
      "start_time": 79.564,
      "end_time": 87.40200000000002,
      "duration": 7.838000000000022,
      "entry_speed_mph": 45.91431510266489,
      "min_speed_mph": 12.265121689584298,
      "exit_speed_mph": 20.955430851564206,
      "peak_decel_g": -1.02638,
      "coast_time_s": 0.0,
      "throttle_pickup_time": null,